{
  "totalTime": 5014.395237000001,
  "avgTimePerRequest": 835.7325395000001,
  "requestCount": 6,
  "successRate": 0.5
}