{
  "totalTime": 5015.354896000001,
  "avgTimePerRequest": 835.8924826666668,
  "requestCount": 6,
  "successRate": 0.5
}