{
  "totalTime": 5016.265675000001,
  "avgTimePerRequest": 836.0442791666668,
  "requestCount": 6,
  "successRate": 0.5
}