{
  "totalTime": 5012.449095,
  "avgTimePerRequest": 835.4081825,
  "requestCount": 6,
  "successRate": 0.5
}