{
  "totalTime": 5018.091251,
  "avgTimePerRequest": 836.3485418333333,
  "requestCount": 6,
  "successRate": 0.5
}