{
  "totalTime": 5011.370892000001,
  "avgTimePerRequest": 835.2284820000001,
  "requestCount": 6,
  "successRate": 0.5
}