{
  "totalTime": 5014.918712,
  "avgTimePerRequest": 835.8197853333332,
  "requestCount": 6,
  "successRate": 0.5
}