{
  "totalTime": 5012.850844,
  "avgTimePerRequest": 835.4751406666666,
  "requestCount": 6,
  "successRate": 0.5
}