{
  "totalTime": 5020.107961,
  "avgTimePerRequest": 836.6846601666666,
  "requestCount": 6,
  "successRate": 0.5
}