{
  "totalTime": 5020.780881,
  "evaluationTimes": [
    5013.834219,
    2.8386899999995876,
    0.3395379999992656,
    0.2200489999995625,
    0.235063999999511,
    0.20005899999978283,
    0.26183900000069116,
    0.18685399999958463,
    0.38375600000017585,
    0.24543699999958335,
    0.3370210000002771,
    0.24280199999975594,
    0.17549700000017765,
    0.21601700000064739,
    0.17929199999980483
  ],
  "averageTime": 334.65974226666657,
  "totalEvaluations": 15,
  "successfulEvaluations": 0
}