{
  "totalTime": 5024.707659000001,
  "evaluationTimes": [
    5017.530888,
    2.622645000000375,
    0.3488630000001649,
    0.21636599999965256,
    0.30296499999985826,
    0.21843300000000454,
    0.304747000000134,
    0.2301450000004479,
    0.5445460000000821,
    0.3054870000005394,
    0.2452979999998206,
    0.20708100000047125,
    0.2757389999997031,
    0.20269999999982247,
    0.19493399999919347
  ],
  "averageTime": 334.9167224666667,
  "totalEvaluations": 15,
  "successfulEvaluations": 0
}