{
  "totalTime": 5022.268525,
  "evaluationTimes": [
    5012.128547999999,
    2.825893000001088,
    0.32279099999868777,
    0.2416029999985767,
    0.28001299999959883,
    0.21119999999973516,
    0.2753130000000965,
    0.24413499999900523,
    0.40139799999997194,
    0.2709850000010192,
    0.2970110000005661,
    0.20643100000052073,
    3.0862149999993562,
    0.200394999999844,
    0.1778919999997015
  ],
  "averageTime": 334.74465486666645,
  "totalEvaluations": 15,
  "successfulEvaluations": 0
}