{
  "totalTime": 5007.989191000001,
  "evaluationTimes": [
    5004.307284,
    1.6350499999989552,
    0.33189800000036485,
    0.2612619999999879,
    0.26272900000003574,
    0.043829999998706626,
    0.015536999999312684,
    0.012392000000545522,
    0.017368999999234802,
    0.015518000000156462,
    0.016811999999845284,
    0.01300499999888416,
    0.012851999999838881,
    0.012429999998857966,
    0.08170400000017253
  ],
  "averageTime": 333.8026447999997,
  "totalEvaluations": 15,
  "successfulEvaluations": 0,
  "cacheStats": {
    "hits": 10,
    "misses": 5,
    "size": 5,
    "maxSize": 750,
    "hitRate": 0.6666666666666666,
    "deduplicationHits": 0,
    "deduplicationMisses": 5,
    "memoryUsageBytes": 1750,
    "engineEvals": 5,
    "tablebasePositions": 0,
    "estimatedBytes": 1750
  }
}