{
  "totalTime": 5027.452221000001,
  "evaluationTimes": [
    5018.879121,
    3.451026999999158,
    0.5447050000002491,
    0.3438960000003135,
    0.297324999999546,
    0.27116799999930663,
    0.29607600000053935,
    0.21358300000065356,
    0.6198329999988346,
    0.3020940000005794,
    0.2578829999984009,
    0.21209799999996903,
    0.30067800000142597,
    0.22936500000105298,
    0.22070300000086718
  ],
  "averageTime": 335.0959703333334,
  "totalEvaluations": 15,
  "successfulEvaluations": 0
}