{
  "totalTime": 5022.085761,
  "evaluationTimes": [
    5015.04501,
    2.91360799999984,
    0.36646899999959714,
    0.20773300000018935,
    0.21673199999986537,
    0.19203799999922921,
    0.39158599999973376,
    0.21647800000027928,
    0.3733119999997143,
    0.2316529999998238,
    0.2339480000000549,
    0.18067599999994854,
    0.16111799999998766,
    0.16369699999995646,
    0.183086999999432
  ],
  "averageTime": 334.73847633333315,
  "totalEvaluations": 15,
  "successfulEvaluations": 0
}