{
  "totalTime": 5007.667758,
  "evaluationTimes": [
    5003.731361,
    1.627056999999695,
    0.4953640000003361,
    0.27994500000022526,
    0.3351170000005368,
    0.046742999998969026,
    0.014425999999730266,
    0.014052999998966698,
    0.013210000000981381,
    0.015466999999262043,
    0.012119999999413267,
    0.013621000000057393,
    0.010559000000284868,
    0.020314999999754946,
    0.0735530000001745
  ],
  "averageTime": 333.7801940666666,
  "totalEvaluations": 15,
  "successfulEvaluations": 0,
  "cacheStats": {
    "hits": 10,
    "misses": 5,
    "size": 5,
    "maxSize": 750,
    "hitRate": 0.6666666666666666,
    "deduplicationHits": 0,
    "deduplicationMisses": 5,
    "memoryUsageBytes": 1750,
    "engineEvals": 5,
    "tablebasePositions": 0,
    "estimatedBytes": 1750
  }
}