{
  "totalTime": 5007.763179,
  "evaluationTimes": [
    5003.709978000001,
    1.7374110000018845,
    0.47589499999958207,
    0.3048750000016298,
    0.36075399999754154,
    0.07659399999829475,
    0.015166000001045177,
    0.011861999999382533,
    0.015058000000863103,
    0.014910999998392072,
    0.011675999998260522,
    0.012224999998579733,
    0.015097999999852618,
    0.011018999997759238,
    0.08187800000087009
  ],
  "averageTime": 333.79029333333295,
  "totalEvaluations": 15,
  "successfulEvaluations": 0,
  "cacheStats": {
    "hits": 10,
    "misses": 5,
    "size": 5,
    "maxSize": 750,
    "hitRate": 0.6666666666666666,
    "deduplicationHits": 0,
    "deduplicationMisses": 5,
    "memoryUsageBytes": 1750,
    "engineEvals": 5,
    "tablebasePositions": 0,
    "estimatedBytes": 1750
  }
}