{
  "totalTime": 5023.276304,
  "evaluationTimes": [
    5016.012128,
    2.9820989999998346,
    0.32378999999946245,
    0.21559100000013132,
    0.2155159999992975,
    0.21325600000000122,
    0.2565199999999095,
    0.1821169999993799,
    0.4147929999999178,
    0.3343030000005456,
    0.25529499999993277,
    0.23088900000038848,
    0.17182299999967654,
    0.16906999999991967,
    0.21204899999975169
  ],
  "averageTime": 334.81261593333323,
  "totalEvaluations": 15,
  "successfulEvaluations": 0
}