{
  "totalTime": 5016.645961,
  "evaluationTimes": [
    5007.840606000002,
    6.230176999999458,
    0.4718140000004496,
    0.35857400000168127,
    0.3770879999992758,
    0.08699499999966065,
    0.017701999999189866,
    0.01657599999998638,
    0.04950000000098953,
    0.027674999999362626,
    0.02038399999946705,
    0.021205000000918517,
    0.016739000000598026,
    0.09826599999905739,
    0.03498500000023341
  ],
  "averageTime": 334.37788573333347,
  "totalEvaluations": 15,
  "successfulEvaluations": 0,
  "cacheStats": {
    "hits": 10,
    "misses": 5,
    "size": 5,
    "maxSize": 750,
    "hitRate": 0.6666666666666666,
    "deduplicationHits": 0,
    "deduplicationMisses": 5,
    "memoryUsageBytes": 1750,
    "engineEvals": 5,
    "tablebasePositions": 0,
    "estimatedBytes": 1750
  }
}