{
  "totalTime": 5019.544058,
  "evaluationTimes": [
    5011.803206999999,
    2.7720049999988987,
    0.30773799999951734,
    0.24867900000026566,
    0.28614999999990687,
    0.21618499999931373,
    0.3048610000005283,
    0.20293000000128814,
    0.898349999999482,
    0.34895899999901303,
    0.27572499999951106,
    0.2161949999990611,
    0.17667199999959848,
    0.2075539999987086,
    0.18107299999974202
  ],
  "averageTime": 334.5630855333329,
  "totalEvaluations": 15,
  "successfulEvaluations": 0
}