{
  "totalTime": 5007.708077999998,
  "evaluationTimes": [
    5004.032700000001,
    1.6262040000001434,
    0.38255600000047707,
    0.31038900000203284,
    0.3075779999999213,
    0.04775399999925867,
    0.013130999999702908,
    0.01722900000095251,
    0.013021999999182299,
    0.014251000000513159,
    0.01187200000276789,
    0.01171500000054948,
    0.010555999997450272,
    0.010427000001072884,
    0.0759810000017751
  ],
  "averageTime": 333.7923576666671,
  "totalEvaluations": 15,
  "successfulEvaluations": 0,
  "cacheStats": {
    "hits": 10,
    "misses": 5,
    "size": 5,
    "maxSize": 750,
    "hitRate": 0.6666666666666666,
    "deduplicationHits": 0,
    "deduplicationMisses": 5,
    "memoryUsageBytes": 1750,
    "engineEvals": 5,
    "tablebasePositions": 0,
    "estimatedBytes": 1750
  }
}