{
  "totalTime": 5015.295274,
  "evaluationTimes": [
    5007.082528000001,
    5.768572999999378,
    0.39792800000032,
    0.3431640000017069,
    0.39717900000141526,
    0.08635299999878043,
    0.01692699999875913,
    0.014527999999700114,
    0.049274000000878004,
    0.02587899999889487,
    0.018985000000611763,
    0.021138000000064494,
    0.013949999998658313,
    0.102350999999544,
    0.03151199999956589
  ],
  "averageTime": 334.2913512666666,
  "totalEvaluations": 15,
  "successfulEvaluations": 0,
  "cacheStats": {
    "hits": 10,
    "misses": 5,
    "size": 5,
    "maxSize": 750,
    "hitRate": 0.6666666666666666,
    "deduplicationHits": 0,
    "deduplicationMisses": 5,
    "memoryUsageBytes": 1750
  }
}