{
  "totalTime": 5008.659105000002,
  "evaluationTimes": [
    5004.6778110000005,
    1.7068410000010772,
    0.4520059999995283,
    0.2937980000006064,
    0.3273109999990993,
    0.05642699999953038,
    0.01372799999990093,
    0.011585000000195578,
    0.013157999999748426,
    0.01436699999976554,
    0.02180199999929755,
    0.014750000000276486,
    0.011092999999164022,
    0.011809999999968568,
    0.0904129999998986
  ],
  "averageTime": 333.84779333333324,
  "totalEvaluations": 15,
  "successfulEvaluations": 0,
  "cacheStats": {
    "hits": 10,
    "misses": 5,
    "size": 5,
    "maxSize": 750,
    "hitRate": 0.6666666666666666,
    "deduplicationHits": 0,
    "deduplicationMisses": 5,
    "memoryUsageBytes": 1750,
    "engineEvals": 5,
    "tablebasePositions": 0,
    "estimatedBytes": 1750
  }
}