{
  "totalTime": 5009.182621,
  "evaluationTimes": [
    5005.624567000002,
    1.4267630000031204,
    0.35290399999939837,
    0.27772299999924144,
    0.31689299999925424,
    0.050970000000233995,
    0.01396999999997206,
    0.01472999999896274,
    0.013390000000072177,
    0.016059999998105923,
    0.01202999999804888,
    0.013480000001436565,
    0.0104910000009113,
    0.01689000000260421,
    0.07665999999881024
  ],
  "averageTime": 333.88250140000014,
  "totalEvaluations": 15,
  "successfulEvaluations": 0,
  "cacheStats": {
    "hits": 10,
    "misses": 5,
    "size": 5,
    "maxSize": 750,
    "hitRate": 0.6666666666666666,
    "deduplicationHits": 0,
    "deduplicationMisses": 5,
    "memoryUsageBytes": 1750
  }
}