{
  "totalTime": 5021.596601,
  "evaluationTimes": [
    5014.008819000001,
    3.0363170000000537,
    0.387868000000708,
    0.23549000000002707,
    0.2550090000004275,
    0.23267500000019936,
    0.2834579999998823,
    0.19944000000032247,
    0.4328690000002098,
    0.2535410000000411,
    0.27790600000025734,
    0.2670670000006794,
    0.18113799999991897,
    0.17705599999953847,
    0.19369800000004034
  ],
  "averageTime": 334.6948234000002,
  "totalEvaluations": 15,
  "successfulEvaluations": 0
}