{
  "totalTime": 5022.226825,
  "evaluationTimes": [
    5015.366233,
    2.852682000000641,
    0.33032399999956397,
    0.20803799999976036,
    0.20613200000025245,
    0.21484899999995832,
    0.2674509999997099,
    0.18457799999941926,
    0.42384100000072067,
    0.26863999999932275,
    0.2310459999998784,
    0.18155000000024302,
    0.17039500000009866,
    0.16304300000047078,
    0.21108499999991182
  ],
  "averageTime": 334.75199246666665,
  "totalEvaluations": 15,
  "successfulEvaluations": 0
}