{
  "totalTime": 5007.158278999999,
  "evaluationTimes": [
    5003.6714980000015,
    1.5397929999999178,
    0.3419179999982589,
    0.2648640000006708,
    0.2890789999983099,
    0.05738599999676808,
    0.01364599999942584,
    0.012800999997125473,
    0.0159349999994447,
    0.01482400000168127,
    0.0166559999997844,
    0.01264900000023772,
    0.01001900000119349,
    0.011329000000841916,
    0.0722490000007383
  ],
  "averageTime": 333.75630973333307,
  "totalEvaluations": 15,
  "successfulEvaluations": 0,
  "cacheStats": {
    "hits": 10,
    "misses": 5,
    "size": 5,
    "maxSize": 750,
    "hitRate": 0.6666666666666666,
    "deduplicationHits": 0,
    "deduplicationMisses": 5,
    "memoryUsageBytes": 1750
  }
}