{
  "originalSize": 4627,
  "optimizedSize": 989,
  "sizeDifference": 3638,
  "compressionRatio": 78.62545926086017,
  "memorySavingsKB": 3.552734375
}