{
  "totalTime": 5026.405838,
  "firstEvalTime": 5015.2304619999995,
  "firstResultScore": 0,
  "secondEvalTime": 1.6439850000006118,
  "secondResultScore": 0,
  "engineState": "ERROR"
}