{
  "totalTime": 5517.930710999999,
  "immediateEvalTime": 5011.594126,
  "immediateResultScore": 0,
  "delayedEvalTime": 1.2675250000002052,
  "delayedResultScore": 0
}