{
  "totalTime": 5036.0029970000005,
  "firstEvalTime": 5017.5588960000005,
  "firstResultScore": 0,
  "secondEvalTime": 1.4560190000001967,
  "secondResultScore": 0,
  "engineState": "ERROR"
}