{
  "totalTime": 5031.158363999999,
  "firstEvalTime": 5014.898655,
  "firstResultScore": 0,
  "secondEvalTime": 1.5571829999998954,
  "secondResultScore": 0,
  "engineState": "ERROR"
}