{
  "totalTime": 5534.252930000001,
  "immediateEvalTime": 5016.619187,
  "immediateResultScore": 0,
  "delayedEvalTime": 1.7981589999999414,
  "delayedResultScore": 0
}