{
  "totalTime": 5532.057658,
  "immediateEvalTime": 5015.053342,
  "immediateResultScore": 0,
  "delayedEvalTime": 1.7007960000000821,
  "delayedResultScore": 0
}