{
  "totalTime": 5043.890385000001,
  "firstEvalTime": 5022.345854,
  "firstResultScore": 0,
  "secondEvalTime": 1.6403510000000097,
  "secondResultScore": 0,
  "engineState": "ERROR"
}