{
  "totalTime": 5019.615803000001,
  "firstEvalTime": 5013.205606,
  "firstResultScore": 0,
  "secondEvalTime": 1.574956000000384,
  "secondResultScore": 0,
  "engineState": "ERROR"
}