{
  "totalTime": 5535.905749999999,
  "immediateEvalTime": 5017.882444999999,
  "immediateResultScore": 0,
  "delayedEvalTime": 1.6072179999991931,
  "delayedResultScore": 0
}