{
  "totalTime": 5026.861424999999,
  "firstEvalTime": 5015.835761,
  "firstResultScore": 0,
  "secondEvalTime": 1.6368290000009438,
  "secondResultScore": 0,
  "engineState": "ERROR"
}