{
  "totalTime": 5520.773526000001,
  "immediateEvalTime": 5013.697599000001,
  "immediateResultScore": 0,
  "delayedEvalTime": 1.820770000000266,
  "delayedResultScore": 0
}