{
  "totalTime": 5518.951597000001,
  "immediateEvalTime": 5012.423114000001,
  "immediateResultScore": 0,
  "delayedEvalTime": 1.2181899999995949,
  "delayedResultScore": 0
}