{
  "totalTime": 5535.337563,
  "immediateEvalTime": 5016.978039,
  "immediateResultScore": 0,
  "delayedEvalTime": 1.6760569999996733,
  "delayedResultScore": 0
}