{
  "totalTime": 5019.728458999998,
  "firstEvalTime": 5014.499230000001,
  "firstResultScore": 0,
  "secondEvalTime": 1.8748950000008335,
  "secondResultScore": 0,
  "engineState": "ERROR"
}