{
  "totalTime": 5019.399002,
  "firstEvalTime": 5013.3083369999995,
  "firstResultScore": 0,
  "secondEvalTime": 1.6227799999996932,
  "secondResultScore": 0,
  "engineState": "ERROR"
}