{
  "totalTime": 5535.670111,
  "immediateEvalTime": 5014.903004,
  "immediateResultScore": 0,
  "delayedEvalTime": 1.599372000000585,
  "delayedResultScore": 0
}