{
  "totalTime": 5027.969517,
  "firstEvalTime": 5014.572129,
  "firstResultScore": 0,
  "secondEvalTime": 1.5951649999997244,
  "secondResultScore": 0,
  "engineState": "ERROR"
}