{
  "totalTime": 5532.613235999999,
  "immediateEvalTime": 5016.083011000001,
  "immediateResultScore": 0,
  "delayedEvalTime": 1.8426629999994475,
  "delayedResultScore": 0
}